{"classification_metrics": {"train:error": {"value": 0.14332999289035797}, "validation:error": {"value": 0.18250000476837158}}}