{"classification_metrics": {"validation:f1": {"value": 0.6781200170516968}, "train:error": {"value": 0.17167000472545624}, "validation:error": {"value": 0.17666999995708466}, "train:f1": {"value": 0.6928399801254272}, "ObjectiveMetric": {"value": 0.6781200170516968}}}