{
    "version": "1.0",
    "explanations": {
        "kernel_shap": {
            "label0": {
                "global_shap_values": {
                    "LIMIT_BAL": 0.05103159990531582,
                    "SEX": 0.027551733159249827,
                    "EDUCATION": 0.02002582297090148,
                    "MARRIAGE": 0.020391513400481887,
                    "AGE": 0.02757178368904485,
                    "PAY_0": 0.06886642620079347,
                    "PAY_2": 0.02345516718772433,
                    "PAY_3": 0.020384077646922193,
                    "PAY_4": 0.020469702973746347,
                    "PAY_5": 0.025970391056071823,
                    "PAY_6": 0.021263849452532572,
                    "BILL_AMT1": 0.03919689046448957,
                    "BILL_AMT2": 0.029427551016902285,
                    "BILL_AMT3": 0.03379264667390241,
                    "BILL_AMT4": 0.04180955619047619,
                    "BILL_AMT5": 0.02773580930301756,
                    "BILL_AMT6": 0.03159010779408297,
                    "PAY_AMT1": 0.03745139539731609,
                    "PAY_AMT2": 0.033474393968621265,
                    "PAY_AMT3": 0.03664309674456109,
                    "PAY_AMT4": 0.029981541516687055,
                    "PAY_AMT5": 0.03723535459355687,
                    "PAY_AMT6": 0.027680204735124146,
                    "EVENT_TIME": 0.019098337523250755
                },
                "expected_value": 0.04196316748857498
            }
        }
    }
}