{"classification_metrics": {"train:error": {"value": 0.16565999388694763}, "validation:error": {"value": 0.18397000432014465}}}